TRUNCATE menu_items, menu_categories, events CASCADE;

INSERT INTO menu_categories (id, name_ka, name_en, name_uk, order_index) VALUES
('1a8a25c1-6b4d-4952-bbef-8efb0e008441', 'ხელნაკეთი კოქტეილები — 22₾', 'Hand Crafted Cocktails — 22₾', 'Авторські коктейлі — 22₾', 0),
('2b9b36d2-7c5e-4063-cc0a-9f0c1f119552', 'კლასიკური კოქტეილები', 'Classic Cocktails', 'Класичні коктейлі', 1),
('3c0c47e3-8d6f-4174-dd1b-af1d2e22a663', 'სპირტიანი სასმელები', 'Spirits', 'Міцні напої', 2),
('4d1d58f4-9e7a-4285-ee2c-bf2e3f33b774', 'ლუდი', 'Beer', 'Пиво', 3),
('5e2e6905-0f8b-4396-ff3d-cf3f4f44c885', 'უალკოჰოლო სასმელები', 'Soft Drinks', 'Безалкогольні напої', 4),
('6f3f7a16-1a9c-44a7-8a4e-df4f5c55d996', 'ყავა და ჩაი', 'Coffee & Tea', 'Кава та чай', 5),
('7a4a8b27-2b0d-45b8-bb5f-ef5f6f66e007', 'ღვინო', 'Wine', 'Вино', 6),
('8b5b9c38-3c1e-46c9-cc6f-ff6f7e77f118', 'ცქრიალა ღვინო', 'Sparkling Wine', 'Ігристе вино', 7),
('9c6c0d49-4d2f-47da-ad7a-0a7a8d88e229', 'სალათები', 'Salads', 'Салати', 8),
('0d7d1e50-5e3a-48eb-ad8b-1b8b9f99a330', 'სნექები', 'Snacks', 'Закуски', 9),
('1e8e2f61-6f4b-49fc-be9c-2c9c0d00f441', 'პიცა და ცომეული', 'Pizza & Dough', 'Піца та випічка', 10),
('2f9f3a72-7a5c-40fd-afad-3dad1c11a552', 'ბურგერები და სენდვიჩები', 'Burgers & Sandwiches', 'Бургери та сендвічі', 11),
('3a0a4b83-8b6d-41fe-afbe-4ebe2b22e663', 'დესერტები', 'Desserts', 'Десерти', 12);

INSERT INTO menu_items (category_id, name_ka, name_en, name_uk, description_ka, description_en, description_uk, price, is_available, order_index) VALUES
('5e2e6905-0f8b-4396-ff3d-cf3f4f44c885', 'ტონიკი', 'Tonic water', 'toniki', NULL, NULL, NULL, '6', true, 0),
('7a4a8b27-2b0d-45b8-bb5f-ef5f6f66e007', 'წინანდალი ფესვები', 'tsinandali Pesvebi', 'tsinandali Песвебі', NULL, NULL, NULL, '12', true, 1),
('3c0c47e3-8d6f-4174-dd1b-af1d2e22a663', 'არაყი აბსოლუტი ბლუ 50გრ', 'Absolut Blue 50gr', 'araqi absoluti blu 50gr', NULL, NULL, NULL, '10', true, 2),
('1a8a25c1-6b4d-4952-bbef-8efb0e008441', 'Absolute Punch Maracuya', 'Absolute Punch Maracuya', 'Absolute Punch Maracuya', NULL, NULL, NULL, '210', true, 3),
('1a8a25c1-6b4d-4952-bbef-8efb0e008441', 'აკადემიკოსი', 'Akademikosi', 'akademikosi', 'Bitter', 'Bitter', 'Bitter', '22', true, 4),
('3c0c47e3-8d6f-4174-dd1b-af1d2e22a663', 'Akashi Japanese Whiskey', 'Akashi Japanese Whiskey', 'Akashi Japanese Whiskey', NULL, NULL, NULL, '30', true, 5),
('7a4a8b27-2b0d-45b8-bb5f-ef5f6f66e007', 'Alkanaidze', 'Alkanaidze', 'Alkanaidze', NULL, NULL, NULL, '13', true, 6),
('3c0c47e3-8d6f-4174-dd1b-af1d2e22a663', 'Amaretto Disaronno', 'Amaretto Disaronno', 'Amaretto Disaronno', NULL, NULL, NULL, '14', true, 7),
('6f3f7a16-1a9c-44a7-8a4e-df4f5c55d996', 'ამერიკანო', 'Americano', 'amerikano', NULL, NULL, NULL, '8', true, 8),
('1a8a25c1-6b4d-4952-bbef-8efb0e008441', 'Amora', 'Amora', 'Amora', NULL, NULL, NULL, '25', true, 9),
('3c0c47e3-8d6f-4174-dd1b-af1d2e22a663', 'Angostura Rum 7 years', 'Angostura Rum 7 years', 'Angostura Rum 7 years', NULL, NULL, NULL, '20', true, 10),
('3c0c47e3-8d6f-4174-dd1b-af1d2e22a663', 'Angostura Rum reserved', 'Angostura Rum reserved', 'Angostura Rum reserved', NULL, NULL, NULL, '14', true, 11),
('3c0c47e3-8d6f-4174-dd1b-af1d2e22a663', 'Angostura Rum spiced', 'Angostura Rum spiced', 'Angostura Rum spiced', NULL, NULL, NULL, '12', true, 12),
('3c0c47e3-8d6f-4174-dd1b-af1d2e22a663', 'Aperol', 'Aperol', 'Aperol', NULL, NULL, NULL, '12', true, 13),
('2b9b36d2-7c5e-4063-cc0a-9f0c1f119552', 'Aperol Spritz', 'Aperol Spritz', 'Aperol Spritz', NULL, NULL, NULL, '25', true, 14),
('3c0c47e3-8d6f-4174-dd1b-af1d2e22a663', 'Askaneli Brandy V.S', 'Askaneli Brandy V.S', 'Askaneli Brandy V.S', NULL, NULL, NULL, '12', true, 15),
('3c0c47e3-8d6f-4174-dd1b-af1d2e22a663', 'Askaneli Brandy V.S.O.P', 'Askaneli Brandy V.S.O.P', 'Askaneli Brandy V.S.O.P', NULL, NULL, NULL, '20', true, 16),
('3c0c47e3-8d6f-4174-dd1b-af1d2e22a663', 'Askaneli Brandy X.O.', 'Askaneli Brandy X.O.', 'Askaneli Brandy X.O.', NULL, NULL, NULL, '40', true, 17),
('2b9b36d2-7c5e-4063-cc0a-9f0c1f119552', 'Asti Martini Bottle', 'Asti Martini Bottle', 'Asti Martini Bottle', NULL, NULL, NULL, '125', true, 18),
('2b9b36d2-7c5e-4063-cc0a-9f0c1f119552', 'B 52', 'B 52', 'B 52', NULL, NULL, NULL, '19', true, 19),
('3c0c47e3-8d6f-4174-dd1b-af1d2e22a663', 'Baileys', 'Baileys', 'Baileys', NULL, NULL, NULL, '15', true, 20),
('2b9b36d2-7c5e-4063-cc0a-9f0c1f119552', 'Basil Smash', 'Basil Smash', 'Basil Smash', NULL, NULL, NULL, '20', true, 21),
('2b9b36d2-7c5e-4063-cc0a-9f0c1f119552', 'Basil smash strawberry', 'Basil smash strawberry', 'Basil smash strawberry', NULL, NULL, NULL, '25', true, 22),
('3c0c47e3-8d6f-4174-dd1b-af1d2e22a663', 'ჯინი ბიფიტერი 50გრ', 'Beefeater 50gr', 'Gin bipiteri 50gr', NULL, NULL, NULL, '12', true, 23),
('4d1d58f4-9e7a-4285-ee2c-bf2e3f33b774', 'ლუდის შემწვარი დაფა', 'Beer fried board', 'ludis shemtsvari dapa', NULL, NULL, NULL, '60', true, 24),
('2b9b36d2-7c5e-4063-cc0a-9f0c1f119552', 'Bellini', 'Bellini', 'Bellini', NULL, NULL, NULL, '22', true, 25),
('1a8a25c1-6b4d-4952-bbef-8efb0e008441', 'Berry Gimlet', 'Berry Gimlet', 'Berry Gimlet', 'Tropical', 'Tropical', 'Tropical', '22', true, 26),
('2b9b36d2-7c5e-4063-cc0a-9f0c1f119552', 'Bloody Marry', 'Bloody Marry', 'Bloody Marry', NULL, NULL, NULL, '22', true, 27),
('3c0c47e3-8d6f-4174-dd1b-af1d2e22a663', 'Bombay Saphire', 'Bombay Saphire', 'Bombay Saphire', NULL, NULL, NULL, '16', true, 28),
('1a8a25c1-6b4d-4952-bbef-8efb0e008441', 'Botanical Drop', 'Botanical Drop', 'Botanical Drop', NULL, NULL, NULL, '22', true, 29),
('2b9b36d2-7c5e-4063-cc0a-9f0c1f119552', 'Boulevardier', 'Boulevardier', 'Boulevardier', NULL, NULL, NULL, '22', true, 30),
('3c0c47e3-8d6f-4174-dd1b-af1d2e22a663', 'Brokers', 'Brokers', 'Brokers', NULL, NULL, NULL, '12', true, 31),
('3c0c47e3-8d6f-4174-dd1b-af1d2e22a663', 'Brokers Pink', 'Brokers Pink', 'Brokers Pink', NULL, NULL, NULL, '12', true, 32),
('1a8a25c1-6b4d-4952-bbef-8efb0e008441', 'Bubble Feeze', 'Bubble Feeze', 'Bubble Feeze', 'Tropical', 'Tropical', 'Tropical', '22', true, 33),
('2b9b36d2-7c5e-4063-cc0a-9f0c1f119552', 'Caipiruska', 'Caipiruska', 'Caipiruska', NULL, NULL, NULL, '19', true, 34),
('3c0c47e3-8d6f-4174-dd1b-af1d2e22a663', 'Calvados VSOP', 'Calvados VSOP', 'Calvados VSOP', NULL, NULL, NULL, '12', true, 35),
('3c0c47e3-8d6f-4174-dd1b-af1d2e22a663', 'Campari', 'Campari', 'Campari', NULL, NULL, NULL, '12', true, 36),
('6f3f7a16-1a9c-44a7-8a4e-df4f5c55d996', 'კაპუჩინო', 'Cappuccino', 'kapuchino', NULL, NULL, NULL, '10', true, 37),
('3c0c47e3-8d6f-4174-dd1b-af1d2e22a663', 'რომი კაპიტან მორგანი ბლექი 50გრ', 'Captain Morgan Black 50gr', 'Rum kapitan morgani bleki 50gr', NULL, NULL, NULL, '12', true, 38),
('3c0c47e3-8d6f-4174-dd1b-af1d2e22a663', 'Captain Morgan Spiced Gold', 'Captain Morgan Spiced Gold', 'Captain Morgan Spiced Gold', NULL, NULL, NULL, '12', true, 39),
('3c0c47e3-8d6f-4174-dd1b-af1d2e22a663', 'Captain Morgan white', 'Captain Morgan white', 'Captain Morgan white', NULL, NULL, NULL, '12', true, 40),
('1a8a25c1-6b4d-4952-bbef-8efb0e008441', 'კაიო', 'CAYO', 'kaio', NULL, NULL, NULL, '22', true, 41),
('3c0c47e3-8d6f-4174-dd1b-af1d2e22a663', 'Chacha GiuAAni', 'Chacha GiuAAni', 'Chacha GiuAAni', NULL, NULL, NULL, '7', true, 42),
('2b9b36d2-7c5e-4063-cc0a-9f0c1f119552', 'Chacha Sour', 'Chacha Sour', 'Chacha Sour', NULL, NULL, NULL, '19', true, 43),
('0d7d1e50-5e3a-48eb-ad8b-1b8b9f99a330', 'ყველის ბურთები', 'Cheese balls', 'Сирний burtebi', NULL, NULL, NULL, '16', true, 44),
('0d7d1e50-5e3a-48eb-ad8b-1b8b9f99a330', 'ყველის ჩხირები', 'Cheese Sticks', 'Сирний chkhirebi', NULL, NULL, NULL, '14', true, 45),
('0d7d1e50-5e3a-48eb-ad8b-1b8b9f99a330', 'ქათმის ბაიტსები', 'Chicken bites', 'Курячі baitsebi', NULL, NULL, NULL, '15', true, 46),
('3c0c47e3-8d6f-4174-dd1b-af1d2e22a663', 'Cointreau', 'Cointreau', 'Cointreau', NULL, NULL, NULL, '16', true, 47),
('3c0c47e3-8d6f-4174-dd1b-af1d2e22a663', 'Cold coffee with Baileys', 'Cold coffee with Baileys', 'Cold coffee with Baileys', NULL, NULL, NULL, '18', true, 48),
('4d1d58f4-9e7a-4285-ee2c-bf2e3f33b774', 'ლუდი კორონა', 'Corona beer', 'ludi korona', NULL, NULL, NULL, '15', true, 49),
('2b9b36d2-7c5e-4063-cc0a-9f0c1f119552', 'Corpse Reviver #2', 'Corpse Reviver #2', 'Corpse Reviver #2', NULL, NULL, NULL, '20', true, 50),
('3c0c47e3-8d6f-4174-dd1b-af1d2e22a663', 'Corralejo tequila', 'Corralejo tequila', 'Corralejo tequila', NULL, NULL, NULL, '22', true, 51),
('2b9b36d2-7c5e-4063-cc0a-9f0c1f119552', 'Cosmopolitan', 'Cosmopolitan', 'Cosmopolitan', NULL, NULL, NULL, '20', true, 52),
('2b9b36d2-7c5e-4063-cc0a-9f0c1f119552', 'Cuba Libre', 'Cuba Libre', 'Cuba Libre', NULL, NULL, NULL, '20', true, 53),
('2b9b36d2-7c5e-4063-cc0a-9f0c1f119552', 'დაიკირი', 'Daiquiri', 'daikiri', NULL, NULL, NULL, '20', true, 54),
('3c0c47e3-8d6f-4174-dd1b-af1d2e22a663', 'Danzka', 'Danzka', 'Danzka', NULL, NULL, NULL, '8', true, 55),
('3c0c47e3-8d6f-4174-dd1b-af1d2e22a663', 'Don Julio Blanco', 'Don Julio Blanco', 'Don Julio Blanco', NULL, NULL, NULL, '40', true, 56),
('1a8a25c1-6b4d-4952-bbef-8efb0e008441', 'Dream P', 'Dream P', 'Dream P', 'Sweet, Creamy', 'Sweet, Creamy', 'Sweet, Creamy', '22', true, 57),
('2b9b36d2-7c5e-4063-cc0a-9f0c1f119552', 'Dry Martini', 'Dry Martini', 'Dry Martini', NULL, NULL, NULL, '20', true, 58),
('4d1d58f4-9e7a-4285-ee2c-bf2e3f33b774', 'Erdinger black', 'Erdinger black', 'Erdinger black', NULL, NULL, NULL, '14', true, 59),
('4d1d58f4-9e7a-4285-ee2c-bf2e3f33b774', 'Erdinger Brauhaus', 'Erdinger Brauhaus', 'Erdinger Brauhaus', NULL, NULL, NULL, '18', true, 60),
('6f3f7a16-1a9c-44a7-8a4e-df4f5c55d996', 'ყავა', 'Espresso', 'qava', NULL, NULL, NULL, '6', true, 61),
('2b9b36d2-7c5e-4063-cc0a-9f0c1f119552', 'Espresso Martini', 'Espresso Martini', 'Espresso Martini', NULL, NULL, NULL, '19', true, 62),
('6f3f7a16-1a9c-44a7-8a4e-df4f5c55d996', 'ესპრესო მარაკუია ტონიკი', 'Espresso tonic Maracuja', 'espreso marakuia toniki', NULL, NULL, NULL, '16', true, 63),
('4d1d58f4-9e7a-4285-ee2c-bf2e3f33b774', 'ესტრეია', 'Estrella', 'estreia', NULL, NULL, NULL, '13', true, 64),
('3c0c47e3-8d6f-4174-dd1b-af1d2e22a663', 'Famous Grouse', 'Famous Grouse', 'Famous Grouse', NULL, NULL, NULL, '12', true, 65),
('0d7d1e50-5e3a-48eb-ad8b-1b8b9f99a330', 'ფიშ ენდ ჩიფსი', 'Fish and chips', 'pish end chipsi', NULL, NULL, NULL, '25', true, 66),
('3c0c47e3-8d6f-4174-dd1b-af1d2e22a663', 'Frangelico', 'Frangelico', 'Frangelico', NULL, NULL, NULL, '16', true, 67),
('0d7d1e50-5e3a-48eb-ad8b-1b8b9f99a330', 'კარტოფილი ფრი ყველის სოსუით', 'French fries with cheese sauce', 'kartopili pri Сирний соусом', NULL, NULL, NULL, '12', true, 68),
('1a8a25c1-6b4d-4952-bbef-8efb0e008441', 'Frozen Smile', 'Frozen Smile', 'Frozen Smile', NULL, NULL, NULL, '30', true, 69),
('3c0c47e3-8d6f-4174-dd1b-af1d2e22a663', 'Gin Breeze', 'Gin Breeze', 'Gin Breeze', NULL, NULL, NULL, '20', true, 70),
('3c0c47e3-8d6f-4174-dd1b-af1d2e22a663', 'Gin Cantera Verde', 'Gin Cantera Verde', 'Gin Cantera Verde', NULL, NULL, NULL, '17', true, 71),
('2b9b36d2-7c5e-4063-cc0a-9f0c1f119552', 'Gin sour', 'Gin sour', 'Gin sour', NULL, NULL, NULL, '20', true, 72),
('2b9b36d2-7c5e-4063-cc0a-9f0c1f119552', 'Gin Sour Maracuya', 'Gin Sour Maracuya', 'Gin Sour Maracuya', NULL, NULL, NULL, '22', true, 73),
('3c0c47e3-8d6f-4174-dd1b-af1d2e22a663', 'Gin Tonic', 'Gin Tonic', 'Gin Tonic', NULL, NULL, NULL, '19', true, 74),
('3c0c47e3-8d6f-4174-dd1b-af1d2e22a663', 'Gin Tonic Maracuya', 'Gin Tonic Maracuya', 'Gin Tonic Maracuya', NULL, NULL, NULL, '22', true, 75),
('3c0c47e3-8d6f-4174-dd1b-af1d2e22a663', 'Glenmorangie', 'Glenmorangie', 'Glenmorangie', NULL, NULL, NULL, '25', true, 76),
('2b9b36d2-7c5e-4063-cc0a-9f0c1f119552', 'Godfather', 'Godfather', 'Godfather', NULL, NULL, NULL, '19', true, 77),
('7a4a8b27-2b0d-45b8-bb5f-ef5f6f66e007', 'Goruli Mtsvane Kavta Wine', 'Goruli Mtsvane Kavta Wine', 'Goruli Mtsvane Kavta Wine', NULL, NULL, NULL, '16', true, 78),
('3c0c47e3-8d6f-4174-dd1b-af1d2e22a663', 'Grey Goose', 'Grey Goose', 'Grey Goose', NULL, NULL, NULL, '22', true, 79),
('1a8a25c1-6b4d-4952-bbef-8efb0e008441', 'ჰარვესტი', 'Harvest', 'harvesti', 'Spicy, Chilli', 'Spicy, Chilli', 'Spicy, Chilli', '22', true, 80),
('3c0c47e3-8d6f-4174-dd1b-af1d2e22a663', 'Havanna Club 3 Anos Gold', 'Havanna Club 3 Anos Gold', 'Havanna Club 3 Anos Gold', NULL, NULL, NULL, '13', true, 81),
('4d1d58f4-9e7a-4285-ee2c-bf2e3f33b774', 'Heineken', 'Heineken', 'Heineken', NULL, NULL, NULL, '12', true, 82),
('3c0c47e3-8d6f-4174-dd1b-af1d2e22a663', 'Hendricks''s', 'Hendricks''s', 'Hendricks''s', NULL, NULL, NULL, '22', true, 83),
('5e2e6905-0f8b-4396-ff3d-cf3f4f44c885', 'Homemade lemonade Berry', 'Homemade lemonade Berry', 'Homemade lemonade Berry', NULL, NULL, NULL, '15', true, 84),
('5e2e6905-0f8b-4396-ff3d-cf3f4f44c885', 'Homemade lemonade lemon&mint', 'Homemade lemonade lemon&mint', 'Homemade lemonade lemon&mint', NULL, NULL, NULL, '12', true, 85),
('5e2e6905-0f8b-4396-ff3d-cf3f4f44c885', 'Homemade lemonade maracuya', 'Homemade lemonade maracuya', 'Homemade lemonade maracuya', NULL, NULL, NULL, '15', true, 86),
('3c0c47e3-8d6f-4174-dd1b-af1d2e22a663', 'Hussong''s tequila', 'Hussong''s tequila', 'Hussong''s tequila', NULL, NULL, NULL, '35', true, 87),
('3c0c47e3-8d6f-4174-dd1b-af1d2e22a663', 'Jack Daniels', 'Jack Daniels', 'Jack Daniels', NULL, NULL, NULL, '16', true, 88),
('3c0c47e3-8d6f-4174-dd1b-af1d2e22a663', 'ლიქიორი იეგერმაისტერი 50გრ', 'Jägermeister 50gr', 'likiori iegermaisteri 50gr', NULL, NULL, NULL, '12', true, 89),
('5e2e6905-0f8b-4396-ff3d-cf3f4f44c885', 'Jagermeister Energy', 'Jagermeister Energy', 'Jagermeister Energy', NULL, NULL, NULL, '20', true, 90),
('3c0c47e3-8d6f-4174-dd1b-af1d2e22a663', 'Jagermeister Juice', 'Jagermeister Juice', 'Jagermeister Juice', NULL, NULL, NULL, '19', true, 91),
('3c0c47e3-8d6f-4174-dd1b-af1d2e22a663', 'Jameson', 'Jameson', 'Jameson', NULL, NULL, NULL, '15', true, 92),
('3c0c47e3-8d6f-4174-dd1b-af1d2e22a663', 'Jose Cuervo Silver 50gr', 'Jose Cuervo Silver 50gr', 'Jose Cuervo Silver 50gr', NULL, NULL, NULL, '14', true, 93),
('3c0c47e3-8d6f-4174-dd1b-af1d2e22a663', 'Kahlua', 'Kahlua', 'Kahlua', NULL, NULL, NULL, '12', true, 94),
('0d7d1e50-5e3a-48eb-ad8b-1b8b9f99a330', 'კეტჩუპი', 'Ketchup', 'ketchupi', NULL, NULL, NULL, '3', true, 95),
('3c0c47e3-8d6f-4174-dd1b-af1d2e22a663', 'Kinahans', 'Kinahans', 'Kinahans', NULL, NULL, NULL, '12', true, 96),
('3c0c47e3-8d6f-4174-dd1b-af1d2e22a663', 'Kinahans Heritage', 'Kinahans Heritage', 'Kinahans Heritage', NULL, NULL, NULL, '25', true, 97),
('7a4a8b27-2b0d-45b8-bb5f-ef5f6f66e007', 'Kindzmarauli bottle Beroza', 'Kindzmarauli bottle Beroza', 'Kindzmarauli bottle Beroza', NULL, NULL, NULL, '60', true, 98),
('7a4a8b27-2b0d-45b8-bb5f-ef5f6f66e007', 'Kisi GiuAAni', 'Kisi GiuAAni', 'Kisi GiuAAni', NULL, NULL, NULL, '14', true, 99),
('7a4a8b27-2b0d-45b8-bb5f-ef5f6f66e007', 'კრახუნა', 'Krakhuna', 'krakhuna', NULL, NULL, NULL, '16', true, 100),
('7a4a8b27-2b0d-45b8-bb5f-ef5f6f66e007', 'Lafitte de fit', 'Lafitte de fit', 'Lafitte de fit', NULL, NULL, NULL, '20', true, 101),
('6f3f7a16-1a9c-44a7-8a4e-df4f5c55d996', 'ლატე', 'Latte', 'late', NULL, NULL, NULL, '14', true, 102),
('2b9b36d2-7c5e-4063-cc0a-9f0c1f119552', 'Limoncello spritz', 'Limoncello spritz', 'Limoncello spritz', NULL, NULL, NULL, '25', true, 103),
('3c0c47e3-8d6f-4174-dd1b-af1d2e22a663', 'Limonchello', 'Limonchello', 'Limonchello', NULL, NULL, NULL, '12', true, 104),
('5e2e6905-0f8b-4396-ff3d-cf3f4f44c885', 'Long Energy', 'Long Energy', 'Long Energy', NULL, NULL, NULL, '30', true, 105),
('2b9b36d2-7c5e-4063-cc0a-9f0c1f119552', 'ლონგ აილენდი', 'Long Island', 'long ailendi', NULL, NULL, NULL, '25', true, 106),
('1a8a25c1-6b4d-4952-bbef-8efb0e008441', 'ლუნა', 'Luna', 'luna', NULL, NULL, NULL, '22', true, 107),
('3c0c47e3-8d6f-4174-dd1b-af1d2e22a663', 'Macallan 12 Y.', 'Macallan 12 Y.', 'Macallan 12 Y.', NULL, NULL, NULL, '65', true, 108),
('3c0c47e3-8d6f-4174-dd1b-af1d2e22a663', 'Magdana Gin', 'Magdana Gin', 'Magdana Gin', NULL, NULL, NULL, '10', true, 109),
('3c0c47e3-8d6f-4174-dd1b-af1d2e22a663', 'Mai Tai', 'Mai Tai', 'Mai Tai', NULL, NULL, NULL, '22', true, 110),
('8b5b9c38-3c1e-46c9-cc6f-ff6f7e77f118', 'Majesta Brut sparklin wine', 'Majesta Brut sparklin wine', 'Majesta Brut sparklin wine', NULL, NULL, NULL, '60', true, 111),
('3c0c47e3-8d6f-4174-dd1b-af1d2e22a663', 'Manavi GiuAAni', 'Manavi GiuAAni', 'Manavi GiuAAni', NULL, NULL, NULL, '14', true, 112),
('2b9b36d2-7c5e-4063-cc0a-9f0c1f119552', 'Manhatten', 'Manhatten', 'Manhatten', NULL, NULL, NULL, '20', true, 113),
('2b9b36d2-7c5e-4063-cc0a-9f0c1f119552', 'Margarita', 'Margarita', 'Margarita', NULL, NULL, NULL, '20', true, 114),
('2b9b36d2-7c5e-4063-cc0a-9f0c1f119552', 'ვერმუტი მარტინი ბიანკო', 'Martini Bianco', 'vermuti martini bianko', NULL, NULL, NULL, '10', true, 115),
('2b9b36d2-7c5e-4063-cc0a-9f0c1f119552', 'ვერმუტი მარტინი როსსო', 'Martini Rosso', 'vermuti martini rosso', NULL, NULL, NULL, '10', true, 116),
('3c0c47e3-8d6f-4174-dd1b-af1d2e22a663', 'Milagro Silver', 'Milagro Silver', 'Milagro Silver', NULL, NULL, NULL, '18', true, 117),
('2b9b36d2-7c5e-4063-cc0a-9f0c1f119552', 'Mimosa', 'Mimosa', 'Mimosa', NULL, NULL, NULL, '20', true, 118),
('1a8a25c1-6b4d-4952-bbef-8efb0e008441', 'Moanaa', 'Moanaa', 'Moanaa', NULL, NULL, NULL, '25', true, 119),
('2b9b36d2-7c5e-4063-cc0a-9f0c1f119552', 'Mojito', 'Mojito', 'Mojito', NULL, NULL, NULL, '20', true, 120),
('3c0c47e3-8d6f-4174-dd1b-af1d2e22a663', 'ვისკი მანქი შოულდერი 50გრ', 'Monkey Shoulder 50gr', 'Whiskey manki shoulderi 50gr', NULL, NULL, NULL, '24', true, 121),
('3c0c47e3-8d6f-4174-dd1b-af1d2e22a663', 'Mont Blanc', 'Mont Blanc', 'Mont Blanc', NULL, NULL, NULL, '26', true, 122),
('7a4a8b27-2b0d-45b8-bb5f-ef5f6f66e007', 'Mtsvane Qvevri Churi Chinebuli', 'Mtsvane Qvevri Churi Chinebuli', 'Mtsvane Qvevri Churi Chinebuli', NULL, NULL, NULL, '15', true, 123),
('2b9b36d2-7c5e-4063-cc0a-9f0c1f119552', 'Negroni', 'Negroni', 'Negroni', NULL, NULL, NULL, '20', true, 124),
('3c0c47e3-8d6f-4174-dd1b-af1d2e22a663', 'Old Fashioned', 'Old Fashioned', 'Old Fashioned', NULL, NULL, NULL, '20', true, 125),
('0d7d1e50-5e3a-48eb-ad8b-1b8b9f99a330', 'ხახვის რგოლები', 'Onion rings', 'khakhvis rgolebi', NULL, NULL, NULL, '12', true, 126),
('1e8e2f61-6f4b-49fc-be9c-2c9c0d00f441', 'ტაფის ხაჭაპური', 'Pan Khacapuri', 'Пательня Хачапурі', NULL, NULL, NULL, '18', true, 127),
('1e8e2f61-6f4b-49fc-be9c-2c9c0d00f441', 'ტაფის ხაჭაპური შებოლილი სულგუნით', 'Pan Khachapuri with smoked Sulguni', 'Пательня Хачапурі копчений Сулугуні', NULL, NULL, NULL, '20', true, 128),
('3c0c47e3-8d6f-4174-dd1b-af1d2e22a663', 'კალვადოსი პაპადუს ვი ესი 50გრ', 'Papidoux Vs 50gr', 'kalvadosi papadus vi esi 50gr', NULL, NULL, NULL, '11', true, 129),
('3c0c47e3-8d6f-4174-dd1b-af1d2e22a663', 'Patron Anejo', 'Patron Anejo', 'Patron Anejo', NULL, NULL, NULL, '40', true, 130),
('3c0c47e3-8d6f-4174-dd1b-af1d2e22a663', 'Patron Reposado', 'Patron Reposado', 'Patron Reposado', NULL, NULL, NULL, '45', true, 131),
('3c0c47e3-8d6f-4174-dd1b-af1d2e22a663', 'Patron silver Tequila', 'Patron silver Tequila', 'Patron silver Tequila', NULL, NULL, NULL, '40', true, 132),
('8b5b9c38-3c1e-46c9-cc6f-ff6f7e77f118', 'Prosecco Millesimato', 'Prosecco Millesimato', 'Prosecco Millesimato', NULL, NULL, NULL, '75', true, 133),
('5e2e6905-0f8b-4396-ff3d-cf3f4f44c885', 'Red bull yellow', 'Red bull yellow', 'Red bull yellow', NULL, NULL, NULL, '12', true, 134),
('1a8a25c1-6b4d-4952-bbef-8efb0e008441', 'Rum Punch Maracuya', 'Rum Punch Maracuya', 'Rum Punch Maracuya', NULL, NULL, NULL, '230', true, 135),
('3c0c47e3-8d6f-4174-dd1b-af1d2e22a663', 'San Jose', 'San Jose', 'San Jose', NULL, NULL, NULL, '12', true, 136),
('3c0c47e3-8d6f-4174-dd1b-af1d2e22a663', 'Sarajijshvili VS', 'Sarajijshvili VS', 'Sarajijshvili VS', NULL, NULL, NULL, '15', true, 137),
('7a4a8b27-2b0d-45b8-bb5f-ef5f6f66e007', 'Shavkapito Agidela', 'Shavkapito Agidela', 'Shavkapito Agidela', NULL, NULL, NULL, '17', true, 138),
('2b9b36d2-7c5e-4063-cc0a-9f0c1f119552', 'Sidecar', 'Sidecar', 'Sidecar', NULL, NULL, NULL, '20', true, 139),
('2b9b36d2-7c5e-4063-cc0a-9f0c1f119552', 'SOUR', 'SOUR', 'SOUR', NULL, NULL, NULL, '6', true, 140),
('0d7d1e50-5e3a-48eb-ad8b-1b8b9f99a330', 'შესუნელებული ფრი', 'Spiced French fries', 'Спеціями pri', NULL, NULL, NULL, '10', true, 141),
('2b9b36d2-7c5e-4063-cc0a-9f0c1f119552', 'Strawberry Sour', 'Strawberry Sour', 'Strawberry Sour', NULL, NULL, NULL, '22', true, 142),
('3c0c47e3-8d6f-4174-dd1b-af1d2e22a663', 'შტრო 80', 'Stroh Rum 80', 'shtro 80', NULL, NULL, NULL, '18', true, 143),
('1a8a25c1-6b4d-4952-bbef-8efb0e008441', 'Sunset', 'Sunset', 'Sunset', NULL, NULL, NULL, '22', true, 144),
('0d7d1e50-5e3a-48eb-ad8b-1b8b9f99a330', 'ტკბილცხარე სოუსი', 'Sweet chili', 'Солодкеბილცხარე соус', NULL, NULL, NULL, '4', true, 145),
('3c0c47e3-8d6f-4174-dd1b-af1d2e22a663', 'Tanqueray London dry', 'Tanqueray London dry', 'Tanqueray London dry', NULL, NULL, NULL, '15', true, 146),
('3c0c47e3-8d6f-4174-dd1b-af1d2e22a663', 'Tequila Don Julio Reposado', 'Tequila Don Julio Reposado', 'Tequila Don Julio Reposado', NULL, NULL, NULL, '45', true, 147),
('2b9b36d2-7c5e-4063-cc0a-9f0c1f119552', 'Tequila Sunrise', 'Tequila Sunrise', 'Tequila Sunrise', NULL, NULL, NULL, '22', true, 148),
('3c0c47e3-8d6f-4174-dd1b-af1d2e22a663', 'The Botanist', 'The Botanist', 'The Botanist', NULL, NULL, NULL, '22', true, 149),
('8b5b9c38-3c1e-46c9-cc6f-ff6f7e77f118', 'Tosti Butterfly Sparkling Wine bottle', 'Tosti Butterfly Sparkling Wine bottle', 'Tosti Butterfly Sparkling Wine bottle', NULL, NULL, NULL, '85', true, 150),
('8b5b9c38-3c1e-46c9-cc6f-ff6f7e77f118', 'Tosti Prosecco extra dry Bottle', 'Tosti Prosecco extra dry Bottle', 'Tosti Prosecco extra dry Bottle', NULL, NULL, NULL, '85', true, 151),
('7a4a8b27-2b0d-45b8-bb5f-ef5f6f66e007', 'Tsolikauri Churi Chinebuli', 'Tsolikauri Churi Chinebuli', 'Tsolikauri Churi Chinebuli', NULL, NULL, NULL, '17', true, 152),
('3c0c47e3-8d6f-4174-dd1b-af1d2e22a663', 'Tullamore Dew 50gr - ვისკი ტულამორ დიუ 50გრ', 'Tullamore Dew 50gr - Whiskey tulamor diu 50gr', 'Tullamore Dew 50gr - Whiskey tulamor diu 50gr', NULL, NULL, NULL, '15', true, 153),
('3c0c47e3-8d6f-4174-dd1b-af1d2e22a663', 'Vodka Energy', 'Vodka Energy', 'Vodka Energy', NULL, NULL, NULL, '19', true, 154),
('3c0c47e3-8d6f-4174-dd1b-af1d2e22a663', 'Vodka Juice', 'Vodka Juice', 'Vodka Juice', NULL, NULL, NULL, '19', true, 155),
('2b9b36d2-7c5e-4063-cc0a-9f0c1f119552', 'Vodka Martini', 'Vodka Martini', 'Vodka Martini', NULL, NULL, NULL, '20', true, 156),
('3c0c47e3-8d6f-4174-dd1b-af1d2e22a663', 'Whiskey Bunnahabhain 12 years', 'Whiskey Bunnahabhain 12 years', 'Whiskey Bunnahabhain 12 years', NULL, NULL, NULL, '45', true, 157),
('3c0c47e3-8d6f-4174-dd1b-af1d2e22a663', 'Whiskey Glenturret 10 years', 'Whiskey Glenturret 10 years', 'Whiskey Glenturret 10 years', NULL, NULL, NULL, '50', true, 158),
('3c0c47e3-8d6f-4174-dd1b-af1d2e22a663', 'Whiskey Ledeig single malt 10 years', 'Whiskey Ledeig single malt 10 years', 'Whiskey Ledeig single malt 10 years', NULL, NULL, NULL, '40', true, 159),
('2b9b36d2-7c5e-4063-cc0a-9f0c1f119552', 'Whiskey Sour', 'Whiskey Sour', 'Whiskey Sour', NULL, NULL, NULL, '20', true, 160),
('3c0c47e3-8d6f-4174-dd1b-af1d2e22a663', 'White Bacardi Rum', 'White Bacardi Rum', 'White Bacardi Rum', NULL, NULL, NULL, '12', true, 161),
('3c0c47e3-8d6f-4174-dd1b-af1d2e22a663', 'ვისკი ვაილდ თარქი 81 პფ 50გრ', 'Wild Turkey 81 PF 50gr', 'Whiskey vaild tarki 81 pp 50gr', NULL, NULL, NULL, '20', true, 162),
('3c0c47e3-8d6f-4174-dd1b-af1d2e22a663', 'აბსენტი ქსენტა აბსენტა 50გრ', 'Xenta Absenta 50gr', 'absenti ksenta absenta 50gr', NULL, NULL, NULL, '20', true, 163),
('5e2e6905-0f8b-4396-ff3d-cf3f4f44c885', 'XL', 'XL', 'XL', NULL, NULL, NULL, '8', true, 164),
('1a8a25c1-6b4d-4952-bbef-8efb0e008441', 'აკადემიური აპეროლ შპრიცი', 'Academic Spritz', 'akademiuri aperol shpritsi', NULL, NULL, NULL, '24', true, 165),
('7a4a8b27-2b0d-45b8-bb5f-ef5f6f66e007', 'ალექსანდროული ფესვები', 'aleksandrouli Pesvebi', 'aleksandrouli Песвебі', NULL, NULL, NULL, '16', true, 166),
('1a8a25c1-6b4d-4952-bbef-8efb0e008441', 'აურორა', 'Aurora', 'aurora', NULL, NULL, NULL, '22', true, 167),
('7a4a8b27-2b0d-45b8-bb5f-ef5f6f66e007', 'ახმეტელი ჭაჭა', 'Akhmeteli Chacha', 'Ахметелі chacha', NULL, NULL, NULL, '8', true, 168),
('0d7d1e50-5e3a-48eb-ad8b-1b8b9f99a330', 'კარტოფილი ფრი', 'French fries', 'kartopili pri', NULL, NULL, NULL, '8', true, 169),
('7a4a8b27-2b0d-45b8-bb5f-ef5f6f66e007', 'კახური მწვანე ხმეტელი', 'kakhuri mtsvane khmeteli', 'kakhuri mtsvane khmeteli', NULL, NULL, NULL, '14', true, 170),
('5e2e6905-0f8b-4396-ff3d-cf3f4f44c885', 'კოკა კოლა', 'coca cola', 'koka kola', NULL, NULL, NULL, '5', true, 171),
('7a4a8b27-2b0d-45b8-bb5f-ef5f6f66e007', 'კრახუნა ფესვები', 'krakhuna Pesvebi', 'krakhuna Песвебі', NULL, NULL, NULL, '15', true, 172),
('6f3f7a16-1a9c-44a7-8a4e-df4f5c55d996', 'მთის შავი ცეილონი', 'Mountain Black Ceylon დიდი ჩაიდანი', 'Гірський Чорний Цейлон', NULL, NULL, NULL, '14', true, 173),
('6f3f7a16-1a9c-44a7-8a4e-df4f5c55d996', 'მთის შავი ცეილონი', 'Mountain Black Ceylon პატარა ჩაიდანი', 'Гірський Чорний Цейлон', NULL, NULL, NULL, '10', true, 174),
('7a4a8b27-2b0d-45b8-bb5f-ef5f6f66e007', 'მუკუზანი წით. მშრ ჭიქა ახმეტელი', 'Mukuzani red dry Glass', 'mukuzani Червоне Сухе Бокал Ахметелі', NULL, NULL, NULL, '14', true, 175),
('2b9b36d2-7c5e-4063-cc0a-9f0c1f119552', 'ნივრიანი არაჟანი', 'Garlic sour cream sauce', 'nivriani сметана', NULL, NULL, NULL, '4', true, 176),
('7a4a8b27-2b0d-45b8-bb5f-ef5f6f66e007', 'ოჯალეში, წით.ნახ.ტკ - BEROZA MARANI', 'ჭიქა', 'ojaleshi, Червонеნახ.ტკ - BEROZA MARANI', NULL, NULL, NULL, '15', true, 177),
('3c0c47e3-8d6f-4174-dd1b-af1d2e22a663', 'რეზონიაკი', 'Rezonyak', 'rezoniaki', NULL, NULL, NULL, '9', true, 178),
('7a4a8b27-2b0d-45b8-bb5f-ef5f6f66e007', 'როზე ნახ. ტკბილი - OneLove', 'ჭიქა', 'roze Напів- Солодке - OneLove', NULL, NULL, NULL, '13', true, 179),
('7a4a8b27-2b0d-45b8-bb5f-ef5f6f66e007', 'როზე ნახ. ტკბილი - OneLove', 'ბოთლი', 'roze Напів- Солодке - OneLove', NULL, NULL, NULL, '65', true, 180),
('7a4a8b27-2b0d-45b8-bb5f-ef5f6f66e007', 'რქაწითელი ახმეტელი', 'rkatsiteli Akhmeteli', 'rkatsiteli Ахметелі', NULL, NULL, NULL, '14', true, 181),
('6f3f7a16-1a9c-44a7-8a4e-df4f5c55d996', 'სამეფო დესერტი', 'Royal Desert დიდი ჩაიდანი', 'Королівський Десерт', NULL, NULL, NULL, '14', true, 182),
('6f3f7a16-1a9c-44a7-8a4e-df4f5c55d996', 'სამეფო დესერტი', 'Royal Desert პატარა ჩაიდანი', 'Королівський Десерт', NULL, NULL, NULL, '10', true, 183),
('2b9b36d2-7c5e-4063-cc0a-9f0c1f119552', 'საუსეპი ჩაი', 'Soursop Tea დიდი ჩაიდანი', 'Саусеп Чай', NULL, NULL, NULL, '14', true, 184),
('2b9b36d2-7c5e-4063-cc0a-9f0c1f119552', 'საუსეპი ჩაი', 'Soursop Tea პატარა ჩიდანი', 'Саусеп Чай', NULL, NULL, NULL, '10', true, 185),
('7a4a8b27-2b0d-45b8-bb5f-ef5f6f66e007', 'საფერავი პეტრა', 'Saperavi Petra', 'saperavi petra', NULL, NULL, NULL, '15', true, 186),
('7a4a8b27-2b0d-45b8-bb5f-ef5f6f66e007', 'საფერავი პრემიუმი ფესვები', 'saperavi premiumi Pesvebi', 'saperavi premiumi Песвебі', NULL, NULL, NULL, '15', true, 187),
('7a4a8b27-2b0d-45b8-bb5f-ef5f6f66e007', 'საფერავი წით მშრალი ახმეტელი', 'Saperavi red dry', 'saperavi tsit Сухеალი Ахметелі', NULL, NULL, NULL, '13', true, 188),
('7a4a8b27-2b0d-45b8-bb5f-ef5f6f66e007', 'ტვიში გიუანი', 'tvishi giuani', 'tvishi giuani', NULL, NULL, NULL, '15', true, 189),
('7a4a8b27-2b0d-45b8-bb5f-ef5f6f66e007', 'ფესვები ტვიში', 'Pesvebi tvishi', 'Песвебі tvishi', NULL, NULL, NULL, '16', true, 190),
('0d7d1e50-5e3a-48eb-ad8b-1b8b9f99a330', 'ქათმის ფრთები ყველის სოუსით', 'Chicken Wings', 'Курячі Крила Сирний соусთ', NULL, NULL, NULL, '18', true, 191),
('0d7d1e50-5e3a-48eb-ad8b-1b8b9f99a330', 'ქათმის ფრთები', 'Chicken Wings', 'Курячі Крила', NULL, NULL, NULL, '14', true, 192),
('0d7d1e50-5e3a-48eb-ad8b-1b8b9f99a330', 'ქათმის ფრთები აზიურად', 'Chicken wings asian', 'Курячі Крила по-азійськи', NULL, NULL, NULL, '16', true, 193),
('0d7d1e50-5e3a-48eb-ad8b-1b8b9f99a330', 'ქათმის ფრთები აჯიკით', 'Chicken Wings with Adjika', 'Курячі Крила з аджикою', NULL, NULL, NULL, '16', true, 194),
('7a4a8b27-2b0d-45b8-bb5f-ef5f6f66e007', 'ქინძმარაული ფესვები', 'kindzmarauli Pesvebi', 'kindzmarauli Песвебі', NULL, NULL, NULL, '14', true, 195),
('7a4a8b27-2b0d-45b8-bb5f-ef5f6f66e007', 'ქინძმარაული, წით.ნახ.ტკ - BEROZA MARANI', 'ჭიქა', 'kindzmarauli, Червонеნახ.ტკ - BEROZA MARANI', NULL, NULL, NULL, '12', true, 196),
('7a4a8b27-2b0d-45b8-bb5f-ef5f6f66e007', 'ქისი თეთრ. მშრ. ახმეტელი', 'Kisi wgite dry Akhmeteli', 'kisi tetr. Сухе. Ахметелі', NULL, NULL, NULL, '14', true, 197),
('7a4a8b27-2b0d-45b8-bb5f-ef5f6f66e007', 'ცოლიკაური, თეთ.მშრ. - BEROZA MARANI', 'ჭიქა', 'tsolikauri, Білеმშრ. - BEROZA MARANI', NULL, NULL, NULL, '12', true, 198),
('5e2e6905-0f8b-4396-ff3d-cf3f4f44c885', 'წვენი', 'juce', 'Сік', NULL, NULL, NULL, '5', true, 199),
('7a4a8b27-2b0d-45b8-bb5f-ef5f6f66e007', 'წინანდალი თეთრ. მშრ. ჭიქა ახმეტელი', 'tsinandali tetr. Dry. Glass Akhmeteli', 'tsinandali tetr. Сухе. Бокал Ахметелі', NULL, NULL, NULL, '12', true, 200),
('3c0c47e3-8d6f-4174-dd1b-af1d2e22a663', 'ჭაჭა ასკანელი ოქრო', 'Chacha _ Askaneli gold 50გრ', 'chacha askaneli okro', NULL, NULL, NULL, '7', true, 201),
('3c0c47e3-8d6f-4174-dd1b-af1d2e22a663', 'ჭაჭა ვარგა კლასიკი', 'Chacha Varga Clasic', 'chacha Варга Класик', NULL, NULL, NULL, '12', true, 202),
('3c0c47e3-8d6f-4174-dd1b-af1d2e22a663', 'ჭაჭა ვარგა რეზერვი', 'Chacha Varga Reserve', 'chacha Варга Резерв', NULL, NULL, NULL, '14', true, 203),
('7a4a8b27-2b0d-45b8-bb5f-ef5f6f66e007', 'ხვანჭკარა ფესვები', 'khvanchkara Pesvebi', 'khvanchkara Песвебі', NULL, NULL, NULL, '16', true, 204),
('7a4a8b27-2b0d-45b8-bb5f-ef5f6f66e007', 'ხვანჭკარა, წთ.ნხ.ტკ - BEROZA MARANI', 'ბოთლი', 'khvanchkara, წთ.ნხ.Солодке - BEROZA MARANI', NULL, NULL, NULL, '16', true, 205),
('3c0c47e3-8d6f-4174-dd1b-af1d2e22a663', 'ჰენესი VS 50 გრ', 'Hennessy VS 50gr', 'henesi VS 50 gr', NULL, NULL, NULL, '30', true, 206);

INSERT INTO events (title_ka, title_en, title_uk, description_ka, description_en, description_uk, event_day_ka, event_day_en, event_day_uk, event_time, order_index) VALUES
('Underground Jam', 'Underground Jam', 'Underground Jam', 'ღია მიკროფონი', 'Open Mic Night', 'Відкритий мікрофон', 'ოთხშაბათი', 'Wednesday', 'Середа', '21:00', 0),
('Jupiter Nights', 'Jupiter Nights', 'Jupiter Nights', 'DJ სეტი', 'DJ Set', 'DJ сет', 'პარასკევი', 'Friday', 'П''ятниця', '23:00', 1),
('ცოცხალი მუსიკა', 'Live Bands', 'Живі гурти', 'მოწვეული არტისტები', 'Featured Artists', 'Запрошені არтисти', 'შაბათი', 'Saturday', 'Субота', '22:00', 2);
